{"cameraMode":{"drawMode":0,"name":"Shaded","section":"Shading Mode"},"sceneLighting":true,"audioPlay":false,"sceneViewState":{"m_AlwaysRefresh":false,"showFog":true,"showSkybox":true,"showFlares":true,"showImageEffects":true,"showParticleSystems":true,"showVisualEffectGraphs":true,"m_FxEnabled":true},"in2DMode":false,"pivot":{"x":10.580181121826172,"y":-18.883495330810548,"z":-18.785423278808595},"rotation":{"x":0.03945017606019974,"y":0.9547243118286133,"z":-0.25531652569770815,"w":0.1475176215171814},"size":51.12638473510742,"orthographic":false}